학번,이름,반,1,2,3,4,5,6,7,8,9,10,11,12,13,14,15,16,17,18,19,20,총점
정답,,중1기본,1,4,5,3,2,5,1,4,5,2,2,5,2,1,3,2,4,2,2,5,
배점,,중1기본,5,5,5,5,5,5,5,5,5,5,5,5,5,5,5,5,5,5,5,5,100
26101,이서연,중1기본,O,O,O,O,O,X,O,O,O,O,O,O,X,X,O,O,X,X,X,X,65
26102,박지아,중1기본,O,O,O,O,O,O,O,O,O,O,O,O,O,O,X,O,O,O,O,O,95
26103,최우진,중1기본,O,O,X,O,X,O,X,O,X,O,O,X,O,O,X,X,X,X,X,O,50
26104,정다은,중1기본,X,O,O,O,O,O,O,X,X,O,X,O,O,X,X,X,X,X,X,X,45
26105,강하준,중1기본,,,,,,,,,,,,,,,,,,,,,결시
26106,조서아,중1기본,O,O,O,O,O,O,X,O,X,O,X,X,X,X,X,X,X,X,X,X,40
26107,윤지후,중1기본,O,O,O,O,X,O,O,O,X,O,O,O,O,O,O,O,O,O,O,X,85
26108,장예준,중1기본,O,O,O,O,O,X,O,X,O,X,O,X,X,X,X,X,X,X,X,X,40
26109,임채원,중1기본,O,O,X,O,O,O,O,O,X,O,X,O,O,X,O,O,X,X,X,X,60
26110,한도윤,중1기본,O,O,O,O,O,O,O,X,O,O,O,O,X,O,O,O,O,O,X,O,85
26111,오수아,중1기본,O,O,O,O,O,O,X,O,O,O,O,O,O,O,X,O,X,O,X,X,75
26112,서이준,중1기본,O,O,O,O,O,O,X,O,O,O,O,O,O,X,X,X,O,O,O,O,80
26113,신지민,중1기본,X,O,X,O,X,O,O,X,O,X,O,O,X,X,X,X,O,X,X,O,45
정답,,중2심화,2,3,2,1,4,2,1,5,3,2,3,1,1,5,1,3,1,4,5,5,
배점,,중2심화,5,5,5,5,5,5,5,5,5,5,5,5,5,5,5,5,5,5,5,5,100
26214,김민수,중2심화,O,O,O,O,O,O,O,O,O,X,O,O,O,X,O,O,O,X,O,X,80
26215,김민준,중2심화,O,O,O,O,O,O,O,O,O,O,O,O,O,O,O,O,O,X,X,O,90
26216,김민준,중2심화,O,O,O,O,O,O,X,O,O,X,X,X,X,X,O,X,X,O,X,X,50
26217,이하은,중2심화,O,X,O,X,O,O,O,O,O,O,O,X,O,O,O,X,X,X,O,X,65
26218,박서준,중2심화,O,O,X,O,O,X,O,O,X,X,X,X,X,X,X,X,X,X,X,O,35
26219,정하윤,중2심화,O,O,O,O,X,X,O,O,X,O,O,X,X,X,X,X,O,X,X,X,45
26220,최지유,중2심화,O,X,O,X,X,O,O,X,X,X,X,X,X,X,X,X,X,X,X,X,20
26221,강시우,중2심화,O,O,X,O,O,O,O,O,X,X,X,X,X,X,X,X,X,X,X,X,35
26222,조유나,중2심화,O,O,O,O,O,O,O,O,O,O,O,X,X,O,O,X,X,X,X,X,65
26223,윤건우,중2심화,O,O,O,O,O,O,O,O,X,X,O,X,O,O,X,O,X,O,X,X,65
26224,장소율,중2심화,O,O,O,O,O,O,O,O,O,O,O,X,O,X,O,O,X,X,X,X,70
26225,임현우,중2심화,O,O,O,O,O,O,O,O,O,X,O,O,O,O,X,X,O,X,X,O,75
26226,한예린,중2심화,O,X,O,O,X,O,X,O,O,X,X,X,X,X,X,X,X,X,X,X,30
26227,송주원,중2심화,O,O,O,O,X,O,X,O,O,O,X,X,X,X,X,X,O,X,X,X,45
정답,,중3내신,1,3,1,5,4,2,2,3,2,2,2,4,2,2,4,3,4,5,1,3,
배점,,중3내신,5,5,5,5,5,5,5,5,5,5,5,5,5,5,5,5,5,5,5,5,100
26328,이서연,중3내신,O,O,O,O,O,O,O,O,O,O,X,O,O,O,O,X,O,O,X,X,80
26329,박지호,중3내신,O,O,O,X,X,X,X,X,X,X,X,X,X,X,X,X,X,O,X,X,20
26330,권도현,중3내신,O,O,O,O,O,O,O,X,O,O,O,X,X,O,X,X,O,X,X,X,60
26331,황수빈,중3내신,O,O,O,O,O,O,X,X,X,O,X,X,O,X,X,X,X,O,X,X,45
26332,안지환,중3내신,O,O,O,O,O,O,O,O,X,O,O,O,X,X,X,O,X,O,O,X,70
26333,송하린,중3내신,O,O,O,X,O,O,X,O,X,O,X,X,O,X,X,X,X,X,X,X,40
26334,전은우,중3내신,O,O,O,O,O,O,O,O,X,O,O,O,O,X,X,O,O,O,X,X,75
26335,홍서윤,중3내신,O,O,O,O,O,O,O,O,O,O,X,O,O,O,X,O,O,O,X,X,80
26336,유태윤,중3내신,,,,,,,,,,,,,,,,,,,,,결시
26337,고아린,중3내신,O,X,O,O,O,O,O,O,O,O,O,O,O,O,O,X,O,O,O,O,90
26338,문준서,중3내신,O,O,X,O,O,X,O,X,X,X,X,X,X,X,X,X,X,X,X,X,25
26339,양시은,중3내신,O,O,O,X,O,O,O,O,O,O,O,O,O,O,O,O,X,X,X,X,75
26340,배민재,중3내신,O,O,O,O,O,O,X,O,O,O,X,O,X,O,X,O,O,O,X,X,70
