원생ID,이름,반,1주차,2주차,3주차,4주차,5주차,6주차,7주차,8주차
A0213,이서연,중1기본,100,100,100,80%,100,50%,50,50%
A0220,박지아,중1기본,완료,80,완료,80,50,100%,100,0%
A0227,최우진,중1기본,50,완료,0%,50%,100,50,0%,80
A0234,정다은,중1기본,완료,100,80,100,80,완료,80,100%
A0241,강하준,중1기본,50%,완료,50,완료,100%,80,완료,완료
A0248,조서아,중1기본,80%,100%,80%,완료,80%,100,100%,100%
A0255,윤지후,중1기본,완료,완료,80%,100,80,완료,100%,50%
A0262,장예준,중1기본,100,80,50%,100,완료,0%,50%,50%
A0269,임채원,중1기본,완료,50%,100,완료,100,80%,100,100
A0276,한도윤,중1기본,100%,80,80%,완료,50%,완료,80,80%
A0283,오수아,중1기본,50%,100,80%,80,80,50%,100%,50%
A0290,서이준,중1기본,100,100%,80,80%,100,100,100,100
A0297,신지민,중1기본,50%,50,80,50,50%,100%,100%,완료
A0304,김민수,중2심화,80,50%,50%,완료,80%,100,50%,100%
A0311,김민준,중2심화,80%,미제출,X,50,100%,X,50%,완료
A0318,김민준,중2심화,미제출,100%,80,100%,50,X,100,50%
A0325,이하은,중2심화,100%,100,100,80,완료,50,80,100%
A0332,박서준,중2심화,50%,완료,80%,완료,80%,100,80%,100%
A0339,정하윤,중2심화,50,80%,100,완료,50%,완료,100,완료
A0346,최지유,중2심화,80,100%,80,80,50,50,80%,50%
A0353,강시우,중2심화,100,100,80%,100%,완료,100,50,100%
A0360,조유나,중2심화,100%,X,완료,50%,100,미제출,X,80%
A0367,윤건우,중2심화,100,100%,100%,50,100,100,80,100%
A0374,장소율,중2심화,완료,100,80,완료,100%,80,80,100
A0381,임현우,중2심화,완료,100,80%,50,완료,100,80%,100%
A0388,한예린,중2심화,100,100,100%,100,완료,완료,100,완료
A0395,송주원,중2심화,100%,50%,X,50,100%,80%,80%,미제출
A0402,이서연,중3내신,80,완료,50,80%,50%,50,80,100
A0409,박지호,중3내신,완료,100,100%,80,100%,100,100,80%
A0416,권도현,중3내신,50,50,완료,완료,80,완료,완료,80
A0423,황수빈,중3내신,100,80,100%,100%,50,50,100%,50
A0430,안지환,중3내신,100,50%,100%,50%,100,50%,100,80
A0437,송하린,중3내신,100%,완료,100,완료,80%,100%,완료,완료
A0444,전은우,중3내신,80,80,완료,100%,100,완료,100%,80%
A0451,홍서윤,중3내신,100%,80,0%,80%,100,100%,100,완료
A0458,유태윤,중3내신,80%,50,100,완료,완료,100%,완료,완료
A0465,고아린,중3내신,80,50,80,100,완료,50,100,100
A0472,문준서,중3내신,100,완료,50%,50,완료,100,완료,50
A0479,양시은,중3내신,50%,50,50,완료,50%,80%,100%,50
A0486,배민재,중3내신,완료,50%,80,80,100,100,완료,80
